{
  "build": "release",
  "mode": "zip",
  "selectedAddons": [],
  "platform": [
    "windows"
  ],
  "descriptions": false,
  "compact": false,
  "hardcoded": false,
  "javadoc": true,
  "includeJSON": true,
  "source": true,
  "osgi": false,
  "language": "groovy",
  "contents": [
    "lwjgl",
    "lwjgl-assimp",
    "lwjgl-glfw",
    "lwjgl-meshoptimizer",
    "lwjgl-openal",
    "lwjgl-opengl",
    "lwjgl-opengles",
    "lwjgl-stb"
  ],
  "version": "3.3.1",
  "versionLatest": "3.3.1"
}